published_date,open,high,low,close,per_change,traded_quantity,traded_amount,status
2021-12-08,515.1,518.0,499.0,509.0,-3.03,4730.0,2395931.5,-1
2021-12-09,500.0,527.0,500.0,507.0,-0.39,3765.0,1898855.0,-1
2021-12-12,497.0,497.0,461.3,489.9,-3.37,5500.0,2627234.0,-1
2021-12-13,480.2,489.8,445.0,445.0,-9.17,3131.0,1419992.5,-1
2021-12-14,445.0,489.5,437.0,489.5,10.0,2824.0,1354829.9,1
2021-12-15,499.2,510.0,451.5,480.5,-1.84,6477.0,3123590.0,-1
2021-12-16,480.0,490.0,453.9,454.1,-5.49,3080.0,1420685.0,-1
2021-12-20,453.9,453.9,420.0,430.0,-5.31,3160.0,1377966.0,-1
2021-12-21,430.0,438.6,415.1,416.0,-3.26,7301.0,3096587.6,-1
2021-12-22,424.0,452.0,424.0,443.0,6.49,6721.0,2910865.9,1
2021-12-23,440.0,459.0,425.4,430.0,-2.93,4101.0,1794864.7,-1
2021-12-26,430.0,445.0,425.1,434.4,1.02,2611.0,1124244.1,1
2021-12-27,426.0,434.0,414.0,415.0,-4.47,3090.0,1301527.0,-1
2021-12-28,407.0,431.0,404.0,419.0,0.96,3243.0,1351425.2,1
2021-12-29,410.7,422.0,405.0,415.0,-0.95,2891.0,1187995.0,-1
2022-01-02,408.0,428.9,408.0,428.0,3.13,2170.0,909541.0,1
2022-01-03,420.0,430.0,415.5,427.3,-0.16,2585.0,1091430.5,-1
2022-01-04,425.0,430.0,408.1,426.0,-0.3,1800.0,755491.0,-1
2022-01-05,431.0,460.0,425.0,449.0,5.4,11440.0,5125003.0,1
2022-01-06,449.0,493.9,432.0,493.9,10.0,15247.0,7350514.2,1
2022-01-09,494.0,530.0,487.1,522.0,5.69,15407.0,7826020.0,1
2022-01-10,512.0,550.8,501.0,517.0,-0.96,7729.0,4037607.0,-1
2022-01-11,517.0,525.0,505.0,519.0,0.39,6316.0,3257915.0,1
2022-01-12,515.0,518.0,495.0,496.0,-4.43,15279.0,7722370.0,-1
2022-01-13,505.0,515.0,486.1,513.0,3.43,3810.0,1905556.9,1
2022-01-16,513.0,543.0,502.8,537.0,4.68,24382.0,12936090.4,1
2022-01-17,547.7,547.7,519.4,547.0,1.86,16720.0,8819934.6,1
2022-01-18,540.0,572.3,531.3,569.0,4.02,16461.0,9150812.6,1
2022-01-19,558.0,585.0,542.0,578.0,1.58,11092.0,6169083.0,1
2022-01-20,578.0,635.8,557.0,635.8,10.0,39442.0,24227909.1,1
2022-01-23,635.8,652.0,615.0,635.0,-0.13,24095.0,15177206.3,-1
2022-01-24,635.0,645.0,573.3,599.0,-5.67,25768.0,15329076.1,-1
2022-01-25,587.1,610.9,570.0,589.9,-1.52,11375.0,6738175.1,-1
2022-01-26,585.0,600.0,550.0,582.0,-1.34,10531.0,5955045.5,-1
2022-01-27,575.0,598.0,566.5,598.0,2.75,6338.0,3688129.6,1
2022-01-30,609.9,617.0,595.2,609.1,1.86,15837.0,9621629.6,1
2022-01-31,600.1,627.0,588.0,607.0,-0.34,11061.0,6730080.2,-1
2022-02-01,605.0,620.0,596.0,611.0,0.66,10548.0,6455138.0,1
2022-02-03,613.0,663.0,613.0,635.0,3.93,26223.0,16538315.7,1
2022-02-06,630.0,635.0,605.0,607.0,-4.41,13698.0,8464703.0,-1
2022-02-07,594.9,637.6,594.9,612.0,0.82,7990.0,4872429.0,1
2022-02-08,624.2,636.0,589.0,592.1,-3.25,10431.0,6360125.5,-1
2022-02-09,592.1,603.2,576.2,594.0,0.32,3959.0,2308706.0,1
2022-02-10,584.0,591.6,570.0,584.6,-1.58,7840.0,4533021.5,-1
2022-02-13,573.0,573.0,546.0,547.0,-6.43,8366.0,4650119.5,-1
2022-02-14,536.1,560.0,536.1,552.0,0.91,2717.0,1495213.9,1
2022-02-15,541.1,600.0,541.1,600.0,8.7,5415.0,3152916.2,1
2022-02-16,600.0,600.0,570.0,587.0,-2.17,7512.0,4375624.0,-1
2022-02-17,598.0,642.6,576.3,625.0,6.47,32814.0,20446951.1,1
2022-02-20,637.5,687.5,590.0,679.0,8.64,49835.0,33049189.7,1
2022-02-21,675.0,728.0,670.0,710.0,4.57,27533.0,19303037.6,1
2022-02-22,710.0,780.3,696.0,758.0,6.76,24134.0,17807026.3,1
2022-02-23,773.1,825.0,742.9,825.0,8.84,39640.0,31135437.9,1
2022-02-24,809.0,824.0,763.0,821.0,-0.48,26523.0,21239913.2,1
2022-02-27,805.0,812.0,785.0,788.0,-4.02,26449.0,21081675.7,-1
2022-02-28,800.0,800.0,709.2,709.2,-10.0,25503.0,18489681.8,-1
2022-03-02,695.1,700.0,641.3,670.0,-5.53,17737.0,11708771.6,-1
2022-03-06,670.0,693.0,659.0,674.0,0.6,9810.0,6636376.0,1
2022-03-07,666.0,683.4,657.0,675.0,0.15,11784.0,7862237.0,1
2022-03-09,662.0,665.0,640.0,655.0,-2.96,5760.0,3739729.2,-1
2022-03-10,643.0,669.0,628.0,665.0,1.53,22639.0,14678567.4,1
2022-03-13,678.3,690.0,651.0,663.0,-0.3,22443.0,15023087.3,-1
2022-03-14,665.0,678.2,662.0,670.0,1.06,5475.0,3668520.5,1
2022-03-15,663.0,674.0,650.0,664.5,-0.82,12222.0,8068669.5,1
2022-03-16,652.0,668.0,645.1,653.0,-1.73,7436.0,4845737.8,1
2022-03-20,666.0,666.0,637.0,647.0,-0.92,5075.0,3259096.5,-1
2022-03-21,647.0,667.0,635.0,656.0,1.39,5260.0,3424891.0,1
2022-03-22,650.0,665.0,642.0,642.0,-2.13,4745.0,3093727.0,-1
2022-03-23,635.0,649.0,632.0,635.0,-1.09,3484.0,2226582.0,0
2022-03-24,628.0,635.0,615.0,624.0,-1.73,11904.0,7410020.5,-1
2022-03-27,612.1,624.0,588.1,599.0,-4.01,5763.0,3496773.9,-1
2022-03-28,588.0,605.0,588.0,597.0,-0.33,6347.0,3765678.0,1
2022-03-29,586.0,610.0,580.1,591.9,-0.85,4222.0,2490495.8,1
2022-03-30,582.0,630.0,582.0,630.0,6.44,9281.0,5677163.9,1
2022-03-31,617.6,629.0,600.0,610.0,-3.17,8470.0,5180429.0,-1
2022-04-03,597.8,610.0,594.0,603.0,-1.15,4357.0,2617092.4,1
2022-04-04,591.0,604.9,580.0,599.0,-0.66,2295.0,1364883.3,1
2022-04-05,588.0,599.0,570.0,575.0,-4.01,6453.0,3741896.0,-1
2022-04-06,565.0,579.0,545.1,567.0,-1.39,4751.0,2665056.9,1
2022-04-07,556.0,594.0,556.0,569.9,0.51,7998.0,4614296.0,1
2022-04-11,562.0,591.9,540.0,552.0,-3.14,6384.0,3551654.5,-1
2022-04-12,550.0,550.0,520.5,525.0,-4.89,4800.0,2545622.6,-1
2022-04-13,535.0,544.0,517.0,530.0,0.95,4768.0,2534292.0,-1
2022-04-17,530.0,535.0,505.0,513.0,-3.21,3288.0,1704126.0,-1
2022-04-18,503.0,510.0,474.0,499.8,-2.57,5165.0,2545738.5,-1
2022-04-19,496.5,505.0,468.1,504.9,1.02,4383.0,2169094.2,1
2022-04-20,494.9,494.9,460.3,474.0,-6.12,4053.0,1929417.0,-1
2022-04-21,480.0,482.9,447.0,469.9,-0.86,4278.0,1963810.5,-1
2022-04-24,479.2,516.7,465.0,503.2,7.09,5851.0,2910667.0,1
2022-04-25,507.0,512.0,481.1,487.0,-3.22,4633.0,2318488.0,-1
2022-04-26,487.0,496.7,477.4,482.0,-1.03,1936.0,937135.0,-1
2022-04-27,490.0,500.0,471.0,478.0,-0.83,5461.0,2611821.7,-1
2022-04-28,485.0,495.0,465.1,469.0,-1.88,5587.0,2705694.4,-1
2022-05-02,459.7,462.0,450.0,457.0,-2.56,3548.0,1613805.0,-1
2022-05-04,457.0,457.0,432.1,440.0,-3.72,4950.0,2177826.0,-1
2022-05-05,432.0,435.0,415.0,420.0,-4.55,4425.0,1858400.0,-1
2022-05-08,411.6,434.0,404.0,427.0,1.67,2717.0,1135646.5,1
2022-05-09,424.0,447.9,420.0,447.9,4.89,5877.0,2544120.2,1
2022-05-10,439.0,469.0,426.0,463.0,3.37,4795.0,2155829.0,1
2022-05-11,454.0,484.0,442.0,484.0,4.54,5826.0,2699471.0,1
2022-05-12,474.4,514.0,458.0,514.0,6.2,10111.0,4810267.7,1
2022-05-17,504.0,504.0,462.6,480.0,-6.61,8240.0,3892162.8,-1
2022-05-18,470.4,480.0,455.2,480.0,0.0,2411.0,1127960.3,1
2022-05-19,470.4,483.9,442.1,483.9,0.81,7254.0,3350542.6,1
2022-05-20,474.3,474.8,437.8,460.0,-4.94,3641.0,1686775.7,-1
2022-05-23,469.0,469.0,435.0,435.0,-5.43,1825.0,804287.6,-1
2022-05-24,443.0,450.8,427.0,442.9,1.82,2638.0,1167700.2,-1
2022-05-25,450.0,460.0,434.2,459.0,3.64,3977.0,1797531.0,1
2022-05-26,449.9,458.7,441.3,447.0,-2.61,1525.0,680388.0,-1
2022-05-27,438.1,464.0,435.0,442.0,-1.12,2870.0,1260900.8,1
2022-05-30,434.0,442.6,424.6,430.0,-2.71,510.0,218137.0,-1
2022-05-31,421.4,438.6,419.0,427.0,-0.7,3648.0,1545417.2,1
2022-06-01,430.0,435.0,413.0,432.1,1.19,1955.0,829431.8,1
2022-06-02,438.0,438.0,420.8,423.1,-2.08,1443.0,611802.8,-1
2022-06-03,417.0,424.9,415.0,423.9,0.19,728.0,305360.8,1
2022-06-06,420.0,435.9,415.5,420.1,-0.9,2474.0,1046605.0,1
2022-06-07,415.0,415.0,401.1,411.0,-2.17,1225.0,500565.5,-1
2022-06-08,411.0,449.8,407.0,449.8,9.44,3823.0,1639436.0,1
2022-06-09,449.0,454.8,427.0,448.0,-0.4,5145.0,2245745.0,-1
2022-06-10,440.0,456.9,425.0,456.9,1.99,4087.0,1775123.0,1
2022-06-13,456.9,474.3,429.2,474.3,3.81,3295.0,1457624.5,1
2022-06-14,464.9,474.0,435.0,474.0,-0.06,6340.0,2824747.4,1
2022-06-15,465.0,465.0,426.6,451.0,-4.85,7708.0,3346728.3,-1
2022-06-16,445.0,461.0,426.3,461.0,2.22,3131.0,1394763.9,1
2022-06-17,451.8,469.0,426.1,469.0,1.74,2235.0,987812.0,1
2022-06-20,459.7,459.7,422.1,422.1,-10.0,9140.0,3872316.8,-1
2022-06-21,413.7,451.8,397.4,410.0,-2.87,6389.0,2630960.0,-1
2022-06-22,418.2,435.0,390.0,422.0,2.93,4783.0,1920746.0,1
2022-06-23,417.0,417.0,381.1,395.0,-6.4,2109.0,842083.4,-1
2022-06-24,387.1,423.0,358.0,414.6,4.96,5134.0,1960083.5,1
2022-06-26,408.0,436.5,393.0,436.5,5.28,8106.0,3441601.5,1
2022-06-27,436.5,436.5,405.0,405.0,-7.22,3535.0,1459281.0,-1
2022-06-28,396.9,412.0,389.0,412.0,1.73,3595.0,1422720.0,1
2022-06-29,405.0,417.9,400.0,411.0,-0.24,3380.0,1382826.0,1
2022-06-30,417.0,424.0,406.0,418.9,1.92,3536.0,1479446.6,1
2022-07-01,421.0,436.5,415.0,423.9,1.19,4340.0,1834138.5,1
2022-07-03,424.0,459.0,410.0,459.0,8.28,10180.0,4439614.9,1
2022-07-04,459.0,499.2,436.1,440.0,-4.14,14283.0,6810846.8,-1
2022-07-05,438.0,475.4,432.1,441.0,0.23,5210.0,2321607.0,1
2022-07-06,449.0,475.3,425.1,475.3,7.78,4863.0,2122298.0,1
2022-07-07,480.0,480.0,443.0,464.0,-2.38,7505.0,3437440.3,-1
2022-07-08,455.0,463.9,437.0,444.9,-4.12,4395.0,1950597.2,-1
2022-07-11,453.7,453.7,413.1,428.0,-3.8,4500.0,1882387.6,-1
2022-07-12,420.0,427.0,413.0,416.3,-2.73,5000.0,2097429.0,-1
2022-07-13,408.0,432.0,408.0,426.0,2.33,8786.0,3721982.0,1
2022-07-14,434.0,434.0,417.8,426.0,0.0,2016.0,855958.6,-1
2022-07-15,418.0,426.0,418.0,426.0,0.0,867.0,365567.0,1
2022-07-17,418.2,436.0,418.1,431.4,1.27,3506.0,1494339.5,1
2022-07-18,428.0,431.0,420.0,427.1,-1.0,1338.0,572214.9,-1
2022-07-19,435.6,440.0,426.9,439.0,2.79,5789.0,2510460.0,1
2022-07-20,434.0,434.9,430.0,433.0,-1.37,2843.0,1231487.5,-1
2022-07-21,425.1,433.0,420.0,424.0,-2.08,3641.0,1549331.0,-1
2022-07-22,415.6,423.0,410.0,410.0,-3.3,2185.0,902839.0,-1
2022-07-24,418.2,433.0,412.0,433.0,5.61,2532.0,1073309.6,1
2022-07-25,430.0,453.0,430.0,452.8,4.57,7936.0,3526718.0,1
2022-07-26,460.0,477.0,443.8,460.0,1.59,21404.0,9947013.2,0
2022-07-27,458.4,493.0,450.0,490.0,6.52,13894.0,6583141.6,1
2022-07-28,483.0,510.0,472.0,490.0,0.0,10511.0,5221019.3,1
2022-07-29,480.3,499.5,471.2,483.0,-1.43,1900.0,925339.0,1
2022-07-31,483.0,502.0,482.0,484.0,0.21,7800.0,3798300.5,1
2022-08-01,493.6,493.6,475.0,480.0,-0.83,5906.0,2860943.0,-1
2022-08-02,478.0,501.0,473.0,498.0,3.75,14451.0,7053863.8,1
2022-08-03,500.0,547.7,500.0,518.0,4.02,18313.0,9616591.1,1
2022-08-04,521.0,540.0,510.0,514.0,-0.77,16843.0,8836845.8,-1
2022-08-05,504.0,512.0,486.1,486.1,-5.43,10776.0,5363566.2,-1
2022-08-07,495.8,534.7,485.2,533.0,9.65,26024.0,13330679.2,1
2022-08-08,533.0,553.0,514.0,518.0,-2.81,13422.0,7049562.2,-1
2022-08-09,508.0,515.0,491.0,491.0,-5.21,7186.0,3589301.0,-1
2022-08-10,483.1,493.0,473.0,490.0,-0.2,5093.0,2479377.0,1
2022-08-11,497.0,498.0,467.0,468.0,-4.49,11437.0,5430496.0,-1
2022-08-14,459.1,477.0,448.0,448.0,-4.27,7586.0,3432381.5,-1
2022-08-15,439.1,492.0,439.1,476.9,6.45,4597.0,2158834.0,1
2022-08-16,486.0,494.7,462.0,466.0,-2.29,8137.0,3852361.0,-1
2022-08-17,460.0,494.0,459.0,465.0,-0.21,3280.0,1548311.0,1
2022-08-18,474.3,485.9,468.0,484.0,4.09,3251.0,1561179.5,1
2022-08-21,493.0,493.0,468.0,479.0,-1.03,4056.0,1947303.0,-1
2022-08-22,470.0,483.4,460.6,480.0,0.21,572.0,270303.2,1
2022-08-23,470.4,479.8,464.6,474.9,-1.06,1607.0,760914.0,1
2022-08-24,470.0,479.0,462.1,469.0,-1.24,1172.0,547585.1,-1
2022-08-25,461.0,474.0,455.0,456.2,-2.73,2446.0,1132738.5,-1
2022-08-26,451.0,460.0,438.0,447.0,-2.02,5435.0,2420975.5,-1
2022-08-28,438.2,454.0,425.0,433.0,-3.13,3652.0,1576976.8,-1
2022-08-29,425.0,441.0,422.0,426.0,-1.62,4996.0,2143860.9,1
2022-08-30,433.0,434.5,422.0,425.0,-0.23,3930.0,1684559.0,-1
2022-08-31,430.0,430.0,415.1,416.0,-2.12,2781.0,1168475.2,-1
2022-09-01,412.1,432.7,412.1,420.1,0.99,4395.0,1860380.0,1
2022-09-02,428.0,432.0,414.0,418.0,-0.5,8035.0,3366318.2,-1
2022-09-04,425.0,426.3,412.2,420.0,0.48,7876.0,3277139.7,-1
2022-09-05,411.6,424.0,411.6,415.6,-1.05,2015.0,840143.0,1
2022-09-06,413.0,421.2,400.0,405.0,-2.55,5814.0,2355201.5,-1
2022-09-07,397.0,410.0,397.0,407.0,0.49,1990.0,808491.0,1
2022-09-08,401.0,422.0,401.0,419.0,2.95,2250.0,931138.6,1
2022-09-11,410.7,419.1,402.7,412.0,-1.67,632.0,259957.7,1
2022-09-12,406.0,413.4,405.0,409.9,-0.51,1905.0,774298.0,1
2022-09-13,402.1,421.2,402.1,413.0,0.76,1430.0,596223.0,1
2022-09-14,415.0,433.5,415.0,424.0,2.66,3543.0,1508037.6,1
2022-09-15,416.0,424.3,398.0,400.0,-5.66,10433.0,4219355.7,-1
2022-09-16,392.0,400.0,385.1,397.7,-0.58,1899.0,741912.4,1
2022-09-18,397.7,397.7,380.6,392.0,-1.43,2974.0,1150712.0,-1
2022-09-20,384.2,399.5,370.3,399.5,1.91,861.0,323024.5,1
2022-09-21,406.9,414.9,388.0,398.8,-0.18,2135.0,840164.0,-1
2022-09-22,391.0,395.0,382.2,382.2,-4.16,2495.0,968461.5,-1
2022-09-25,375.0,375.0,352.0,352.0,-7.9,4164.0,1509657.0,-1
2022-09-27,346.0,366.0,346.0,361.0,2.56,2345.0,833009.5,1
2022-09-28,354.0,367.0,351.0,351.0,-2.77,1100.0,389730.0,-1
2022-09-29,355.0,361.0,345.5,345.5,-1.57,2695.0,941032.0,-1
2022-10-09,345.1,365.0,345.1,356.7,3.24,1645.0,588545.7,1
2022-10-10,360.0,360.0,323.0,343.0,-3.84,8286.0,2806736.9,-1
2022-10-11,349.0,349.8,331.5,340.0,-0.87,490.0,167273.0,-1
2022-10-12,335.0,344.0,330.0,337.0,-0.88,1735.0,588257.0,1
2022-10-13,335.2,346.8,330.0,334.0,-0.89,2519.0,844106.1,-1
2022-10-16,332.0,335.1,320.1,329.0,-1.5,1610.0,523703.5,-1
2022-10-17,335.0,335.0,325.0,327.0,-0.61,855.0,278777.0,-1
2022-10-19,320.5,324.9,314.3,324.9,-0.64,2145.0,682123.0,1
2022-10-20,331.3,331.3,312.6,323.0,-0.58,2340.0,744428.7,-1
2022-10-23,316.6,322.9,311.0,322.9,-0.03,202.0,64400.8,1
2022-10-31,317.0,325.0,310.2,321.0,-0.59,990.0,314122.5,1
2022-11-01,322.0,340.0,314.6,339.8,5.86,4428.0,1451417.5,1
2022-11-02,340.0,353.7,335.0,350.0,3.0,4086.0,1407406.8,1
2022-11-03,345.0,353.0,338.0,353.0,0.86,1720.0,589403.0,1
2022-11-06,346.0,359.5,340.0,359.5,1.84,1560.0,553831.5,1
2022-11-07,366.0,367.1,345.0,350.0,-2.64,2925.0,1037372.0,-1
2022-11-08,345.0,349.1,339.0,339.1,-3.11,2672.0,913124.0,-1
2022-11-09,334.0,339.6,328.3,335.0,-1.21,1709.0,565354.0,1
2022-11-10,330.0,343.0,323.0,323.0,-3.58,1413.0,460085.5,-1
2022-11-13,320.0,327.0,316.3,316.3,-2.07,2428.0,777741.0,-1
2022-11-14,311.3,335.8,311.2,323.8,2.37,1532.0,491039.5,1
2022-11-15,330.2,340.9,320.1,320.1,-1.14,3940.0,1286908.0,-1
2022-11-16,325.0,337.6,325.0,335.0,4.65,4820.0,1599348.5,1
2022-11-17,341.0,353.8,337.1,347.2,3.64,4092.0,1413889.8,1
2022-11-22,354.0,354.1,336.3,343.0,-1.21,2826.0,987072.6,-1
2022-11-23,337.0,338.0,332.0,332.0,-3.21,734.0,245267.0,-1
2022-11-24,335.8,335.9,327.4,335.9,1.17,330.0,109825.0,1
2022-11-27,330.2,346.8,330.2,346.8,3.25,360.0,121455.0,1
2022-11-28,340.0,348.0,339.0,339.0,-2.25,1080.0,369020.5,-1
2022-11-29,333.0,340.0,329.1,336.0,-0.88,2368.0,799814.6,1
2022-11-30,333.0,349.0,330.1,342.0,1.79,577.0,194350.0,1
2022-12-01,340.0,342.0,328.0,337.1,-1.43,3979.0,1355119.5,-1
2022-12-04,335.0,346.9,332.5,339.6,0.74,1866.0,632780.0,1
2022-12-05,333.1,339.0,331.0,335.0,-1.35,5320.0,1779875.0,1
2022-12-06,328.4,336.0,328.4,335.9,0.27,2747.0,908036.0,1
2022-12-07,340.0,340.0,324.5,329.0,-2.05,108.0,35636.0,-1
2022-12-11,322.5,325.0,318.0,320.5,-2.58,390.0,124739.0,-1
2022-12-12,320.0,330.9,317.0,330.9,3.24,1789.0,571756.7,1
2022-12-13,331.0,331.0,318.0,320.0,-3.29,2001.0,644912.0,-1
2022-12-14,318.0,325.0,318.0,318.0,-0.63,880.0,280596.0,0
2022-12-15,318.0,329.4,315.0,315.2,-0.88,1864.0,591085.5,-1
2022-12-18,311.0,314.9,309.0,310.1,-1.62,1770.0,549964.5,-1
2022-12-19,303.9,312.6,303.9,312.1,0.64,1097.0,341734.9,1
2022-12-20,312.0,326.4,312.0,317.1,1.6,1320.0,426067.5,1
2022-12-21,311.2,338.3,311.2,322.1,1.58,4006.0,1313843.4,1
2022-12-22,315.7,322.0,310.0,318.0,-1.27,3005.0,947574.0,1
2022-12-26,313.9,335.0,313.9,335.0,5.35,6552.0,2163496.2,1
2022-12-27,340.0,368.5,333.2,368.0,9.85,10741.0,3774269.0,1
2022-12-28,360.7,396.7,347.2,389.6,5.87,16416.0,6093382.5,1
2022-12-29,381.9,407.0,375.0,406.9,4.44,17581.0,6834878.2,1
2023-01-01,400.0,420.0,396.0,403.9,-0.74,13626.0,5571246.0,1
2023-01-02,411.9,411.9,380.1,394.0,-2.45,11653.0,4629628.5,-1
2023-01-03,400.0,424.4,382.0,385.5,-2.16,14377.0,5610867.7,-1
2023-01-04,380.0,421.0,378.0,421.0,9.21,19300.0,7865016.6,1
2023-01-05,415.1,424.3,405.0,413.0,-1.9,13804.0,5699643.7,-1
2023-01-08,406.0,435.0,406.0,415.2,0.53,21343.0,8973647.5,1
2023-01-09,420.0,427.0,413.0,423.0,1.88,13216.0,5595432.5,1
2023-01-10,421.2,465.0,413.0,413.1,-2.34,17697.0,7762146.9,-1
2023-01-12,417.0,433.4,402.1,405.0,-1.96,10976.0,4580259.6,-1
2023-01-17,406.0,438.0,397.0,425.0,4.94,15718.0,6706912.8,1
2023-01-18,418.0,442.0,418.0,423.0,-0.47,10220.0,4411042.5,1
2023-01-19,415.1,440.0,415.1,431.0,1.89,2550.0,1098027.5,1
2023-01-23,423.4,429.9,416.0,416.0,-3.48,3720.0,1566111.0,-1
2023-01-24,410.0,415.0,409.1,410.3,-1.37,3370.0,1385701.5,1
2023-01-25,411.0,440.0,411.0,430.0,4.8,4612.0,1945943.8,1
2023-01-26,430.0,438.0,422.2,431.0,0.23,5389.0,2310909.6,1
2023-01-29,430.0,451.9,421.5,439.0,1.86,10930.0,4791344.5,1
2023-01-30,430.5,448.0,416.0,416.0,-5.24,9446.0,4055581.5,-1
2023-01-31,410.0,438.5,407.7,421.3,1.27,7531.0,3200290.0,1
2023-02-01,421.3,433.6,416.0,433.6,2.92,5832.0,2482690.5,1
2023-02-02,425.0,426.0,417.0,423.0,-2.44,4600.0,1931582.0,-1
2023-02-05,415.0,418.2,396.1,408.9,-3.33,12093.0,4894857.5,-1
2023-02-06,401.0,408.0,394.5,400.0,-2.18,4163.0,1662099.1,-1
2023-02-07,394.2,423.0,394.2,422.0,5.5,4681.0,1954227.0,1
2023-02-08,430.4,447.0,429.1,436.0,3.32,24808.0,10880446.2,1
2023-02-09,436.0,450.0,427.3,450.0,3.21,5275.0,2302164.6,1
2023-02-12,441.0,441.0,422.1,430.0,-4.44,9189.0,3974463.0,-1
2023-02-14,422.2,435.0,422.2,432.0,0.47,7380.0,3161837.2,1
2023-02-15,434.9,450.0,427.1,439.0,1.62,14507.0,6371510.2,1
2023-02-16,431.1,441.9,425.5,427.8,-2.55,14315.0,6189203.8,-1
2023-02-20,424.0,428.0,419.7,428.0,0.05,1550.0,654682.0,1
2023-02-22,430.0,440.0,422.0,440.0,2.8,5402.0,2347566.9,1
2023-02-23,431.2,443.0,419.5,429.9,-2.3,5541.0,2371083.1,-1
2023-02-26,422.0,442.1,405.5,438.9,2.09,13715.0,5887755.0,1
2023-02-27,430.2,439.0,422.0,438.0,-0.21,10474.0,4523268.0,1
2023-02-28,446.4,454.0,433.0,450.0,2.74,13250.0,5899648.0,1
2023-03-01,441.0,449.0,431.0,440.0,-2.22,4392.0,1922494.0,-1
2023-03-02,431.3,437.0,425.1,434.7,-1.2,6116.0,2622436.2,1
2023-03-05,426.1,430.0,413.6,421.0,-3.15,3580.0,1503983.0,-1
2023-03-07,427.0,427.0,418.0,424.0,0.71,1460.0,616411.0,-1
2023-03-09,426.0,440.0,420.0,439.0,3.54,5530.0,2386008.0,1
2023-03-12,432.0,443.0,425.3,432.9,-1.39,1901.0,822109.4,1
2023-03-13,425.0,430.0,420.0,430.0,-0.67,595.0,252316.2,1
2023-03-14,436.9,437.0,423.2,434.0,0.93,8000.0,3483246.1,-1
2023-03-15,442.0,442.0,427.1,437.0,0.69,1649.0,715208.0,-1
2023-03-16,431.1,443.0,428.5,443.0,1.37,3580.0,1571054.0,1
2023-03-19,435.0,440.0,430.8,437.3,-1.29,350.0,152076.0,1
2023-03-20,428.8,450.0,428.8,433.3,-0.91,882.0,383510.5,1
2023-03-22,435.0,441.0,430.1,432.3,-0.23,2706.0,1180225.7,-1
2023-03-23,440.0,440.0,424.6,433.0,0.16,802.0,343927.3,-1
2023-03-26,424.4,430.7,414.4,420.0,-3.0,2231.0,946143.9,-1
2023-03-27,411.6,439.0,407.0,439.0,4.52,1536.0,653158.6,1
2023-03-28,431.0,435.0,420.1,425.1,-3.17,2134.0,909404.0,-1
2023-03-29,417.1,439.9,417.1,439.9,3.48,530.0,226905.0,1
2023-03-30,432.0,432.0,423.2,428.0,-2.71,1238.0,525195.0,-1
2023-04-02,428.0,430.0,409.0,409.3,-4.37,1706.0,709154.0,-1
2023-04-03,403.0,412.0,403.0,408.0,-0.32,3218.0,1310543.8,1
2023-04-04,416.1,423.9,402.0,405.0,-0.74,1650.0,677526.5,-1
2023-04-05,400.0,429.4,400.0,425.0,4.94,520.0,213199.0,1
2023-04-06,416.5,431.3,405.1,410.0,-3.53,980.0,401957.0,-1
2023-04-09,401.8,405.0,389.0,389.0,-5.12,1800.0,714262.0,-1
2023-04-10,389.0,400.0,387.0,394.0,1.29,2740.0,1070147.0,1
2023-04-11,390.0,417.9,384.1,408.6,3.71,1240.0,489340.0,1
2023-04-12,416.7,429.4,409.0,429.0,4.99,2010.0,846026.0,1
2023-04-13,435.0,435.0,410.2,416.0,-3.03,680.0,283661.5,-1
2023-04-16,408.0,410.0,404.1,408.0,-1.92,1360.0,555216.0,0
2023-04-17,402.1,408.0,395.1,407.0,-0.25,1425.0,571598.0,1
2023-04-18,407.0,415.1,399.0,408.0,0.25,480.0,195091.0,1
2023-04-19,399.9,409.0,398.1,406.0,-0.49,332.0,134035.0,1
2023-04-20,398.1,406.6,398.1,399.1,-1.7,1159.0,464683.0,1
2023-04-23,391.2,399.0,391.2,395.0,-1.03,330.0,130259.0,1
2023-04-24,395.0,396.0,388.0,396.0,0.25,740.0,288724.0,1
2023-04-25,390.0,401.6,390.0,397.0,0.25,841.0,335134.0,1
2023-04-26,390.2,404.8,386.0,386.0,-2.77,345.0,134783.0,-1
2023-04-27,390.0,405.6,384.0,405.6,5.08,2001.0,776754.8,1
2023-04-30,397.5,399.8,383.1,399.8,-1.43,1855.0,727420.0,1
2023-05-02,400.0,400.0,385.0,393.0,-1.7,858.0,332063.0,-1
2023-05-03,386.0,398.0,386.0,398.0,1.27,130.0,50475.0,1
2023-05-04,390.1,405.0,382.3,405.0,1.76,502.0,199936.2,1
2023-05-07,396.9,396.9,389.0,389.0,-3.95,20.0,7859.0,-1
2023-05-08,382.0,394.0,366.0,393.0,1.03,415.0,154842.0,1
2023-05-09,385.2,395.0,380.0,385.5,-1.91,240.0,92683.0,1
2023-05-10,378.0,393.0,377.9,380.0,-1.43,155.0,58779.5,1
2023-05-11,373.0,376.0,373.0,376.0,-1.05,245.0,92060.0,1
2023-05-14,370.0,371.3,363.0,371.3,-1.25,360.0,132688.0,1
2023-05-15,363.9,386.0,356.7,386.0,3.96,2030.0,740350.5,1
2023-05-16,378.3,384.0,375.0,384.0,-0.52,608.0,229854.0,1
2023-05-17,376.4,397.1,376.4,397.1,3.41,473.0,182813.5,1
2023-05-18,394.0,400.0,382.2,400.0,0.73,2640.0,1037859.6,1
2023-05-21,392.0,406.0,392.0,395.0,-1.25,1261.0,506014.0,1
2023-05-22,387.2,397.0,380.0,385.0,-2.53,386.0,149697.0,-1
2023-05-23,377.5,400.0,377.5,400.0,3.9,1771.0,703699.0,1
2023-05-24,392.0,403.0,385.1,403.0,0.75,733.0,289781.0,1
2023-05-28,395.5,406.5,395.0,395.0,-1.99,4906.0,1962250.5,-1
2023-05-30,387.1,404.8,379.4,384.0,-2.78,4445.0,1727393.0,-1
2023-05-31,385.0,407.2,377.1,389.0,1.3,5905.0,2318745.7,1
2023-06-01,389.1,399.7,386.2,389.0,0.0,3839.0,1516943.0,-1
2023-06-04,389.4,406.0,389.4,402.0,3.34,2030.0,816263.0,1
2023-06-05,400.0,410.0,394.0,394.0,-1.99,1368.0,549430.8,-1
2023-06-06,389.0,430.0,389.0,412.6,4.72,11745.0,4920183.6,1
2023-06-07,420.7,428.0,402.0,415.0,0.58,3653.0,1503594.4,-1
2023-06-08,407.0,420.0,400.0,408.1,-1.66,1092.0,446489.9,1
2023-06-11,400.1,421.3,400.1,414.0,1.45,6635.0,2709255.0,1
2023-06-12,406.2,410.2,401.1,409.9,-0.99,699.0,284320.8,1
2023-06-13,417.0,417.0,402.2,407.0,-0.71,4622.0,1888853.2,-1
2023-06-14,414.0,414.0,397.9,404.0,-0.74,4881.0,1988638.0,-1
2023-06-15,412.0,412.0,396.2,398.0,-1.49,1954.0,784791.0,-1
2023-06-18,391.0,409.0,391.0,407.8,2.46,3444.0,1393112.0,1
2023-06-19,400.0,408.0,397.0,406.0,-0.44,1700.0,679728.5,1
2023-06-20,400.0,400.2,399.0,399.0,-1.72,1150.0,459429.0,-1
2023-06-21,406.0,406.0,384.0,393.7,-1.33,2521.0,980201.2,-1
2023-06-22,385.9,409.0,380.0,405.0,2.87,2678.0,1032117.4,1
2023-06-25,412.9,412.9,389.0,390.0,-3.7,3816.0,1498421.5,-1
2023-06-26,382.7,397.8,382.7,388.0,-0.51,1659.0,651121.0,1
2023-06-27,388.0,400.0,382.0,386.0,-0.52,1461.0,569593.7,-1
2023-06-28,393.7,404.0,389.0,389.0,0.78,11262.0,4455259.5,-1
2023-07-02,383.6,390.0,378.3,378.3,-2.75,908.0,350807.4,-1
2023-07-03,371.1,387.0,371.1,380.9,0.69,1738.0,655940.2,1
2023-07-04,374.1,375.0,365.7,369.0,-3.12,2339.0,860737.9,-1
2023-07-05,369.0,375.2,362.0,363.0,-1.63,1225.0,447425.0,-1
2023-07-06,357.0,364.1,355.2,362.3,-0.19,1669.0,599519.8,1
2023-07-09,364.0,383.0,357.0,377.0,4.06,1577.0,584100.9,1
2023-07-10,377.0,380.0,358.8,360.0,-4.51,1128.0,409926.0,-1
2023-07-11,353.8,360.0,343.0,360.0,0.0,3133.0,1093198.3,1
2023-07-12,352.8,381.0,352.8,374.0,3.89,1096.0,405350.1,1
2023-07-13,381.4,396.0,363.0,363.0,-2.94,4641.0,1735605.4,-1
2023-07-16,356.0,377.0,356.0,363.0,0.0,448.0,162618.6,1
2023-07-17,370.0,377.0,358.0,370.0,1.93,2338.0,853619.0,0
2023-07-18,377.0,394.0,356.0,372.9,0.78,2279.0,829366.6,-1
2023-07-19,365.5,375.0,354.2,370.0,-0.78,2528.0,918555.1,1
2023-07-20,377.4,377.4,356.3,374.0,1.08,1227.0,451088.9,-1
2023-07-23,367.0,379.4,367.0,371.5,-0.67,2140.0,799504.0,1
2023-07-24,378.9,378.9,363.0,376.0,1.21,2087.0,763020.0,-1
2023-07-25,368.5,373.0,366.0,367.0,-2.39,522.0,192027.2,-1
2023-07-26,360.1,374.7,359.8,367.1,0.03,1687.0,610239.2,1
2023-07-27,359.8,374.0,349.0,370.0,0.79,2157.0,765466.9,1
2023-07-31,362.6,365.0,356.1,365.0,-1.35,1816.0,654351.6,1
2023-08-01,365.0,365.0,349.1,357.0,-2.19,1655.0,581473.5,-1
2023-08-02,350.0,364.0,349.9,364.0,1.96,536.0,188805.0,1
2023-08-03,356.8,363.1,349.5,350.7,-3.65,434.0,153340.5,-1
2023-08-06,350.2,350.2,336.2,350.0,-0.2,791.0,273851.4,-1
2023-08-07,343.0,357.0,336.1,357.0,2.0,620.0,213311.0,1
2023-08-08,349.9,370.0,334.3,365.0,2.24,3928.0,1345834.7,1
2023-08-09,357.7,359.9,338.0,359.9,-1.4,890.0,311292.0,1
2023-08-10,352.8,360.0,340.0,359.9,0.0,220.0,76601.0,1
2023-08-13,364.8,364.8,342.0,350.0,-2.75,1045.0,363940.6,-1
2023-08-14,343.0,350.0,339.0,345.0,-1.43,1275.0,436426.0,1
2023-08-15,350.0,350.0,330.1,341.7,-0.96,480.0,161995.0,-1
2023-08-16,334.9,355.0,333.2,340.0,-0.5,330.0,111451.0,1
2023-08-17,334.0,335.7,329.2,335.7,-1.26,330.0,109553.0,1
2023-08-20,329.0,332.5,318.1,332.5,-0.95,1820.0,591387.0,1
2023-08-21,325.9,330.0,301.2,325.0,-2.26,4719.0,1465605.0,-1
2023-08-22,318.5,321.0,310.1,321.0,-1.23,1526.0,479154.0,1
2023-08-23,319.0,353.0,319.0,346.0,7.79,2753.0,912692.8,1
2023-08-24,352.0,352.8,320.5,325.0,-6.07,2622.0,865459.8,-1
2023-08-27,319.0,320.0,313.1,320.0,-1.54,1060.0,335783.0,1
2023-08-28,313.6,345.0,308.0,328.0,2.5,623.0,202390.4,1
2023-08-29,321.5,327.0,315.5,325.0,-0.91,874.0,282226.0,1
2023-08-30,318.5,331.5,308.0,331.3,1.94,1552.0,496640.2,1
2023-09-03,332.0,332.0,307.8,325.0,-1.9,725.0,229776.0,-1
2023-09-04,320.0,325.0,307.1,324.6,-0.12,810.0,256105.0,1
2023-09-05,324.0,328.9,307.0,324.1,-0.15,810.0,255152.0,1
2023-09-07,317.7,318.2,306.8,317.9,-1.91,1682.0,523221.4,1
2023-09-10,318.0,318.0,304.0,310.0,-2.49,2019.0,618017.0,-1
2023-09-11,315.0,315.0,304.5,315.0,1.61,1310.0,406723.0,0
2023-09-12,308.7,311.1,304.0,311.1,-1.24,370.0,113117.0,1
2023-09-13,311.1,317.2,306.0,317.0,1.9,972.0,303150.0,1
2023-09-17,310.8,320.0,303.1,309.9,-2.24,745.0,228519.5,-1
2023-09-18,304.1,315.9,304.1,315.9,1.94,707.0,218098.3,1
2023-09-19,309.6,321.5,304.1,316.0,0.03,3130.0,993959.6,1
2023-09-21,322.0,337.0,322.0,332.0,5.06,6640.0,2200128.6,1
2023-09-24,325.4,339.5,313.0,339.5,2.26,8295.0,2682248.1,1
2023-09-25,345.0,365.1,327.0,359.0,5.74,6779.0,2404055.9,1
2023-09-26,366.0,371.0,350.4,370.0,3.06,4703.0,1719057.0,1
2023-09-27,362.6,384.5,348.0,357.0,-3.51,6118.0,2175481.8,-1
2023-10-01,349.9,357.0,335.0,340.1,-4.73,3443.0,1169681.1,-1
2023-10-02,333.4,357.0,331.1,357.0,4.97,6220.0,2151076.2,1
2023-10-03,349.9,350.0,339.2,345.0,-3.36,2470.0,850376.5,-1
2023-10-04,338.2,358.1,338.2,356.0,3.19,4268.0,1504443.2,1
2023-10-05,349.2,354.0,344.0,353.0,-0.84,2060.0,719988.0,1
2023-10-08,348.1,352.0,340.0,348.9,-1.16,3897.0,1339291.4,1
2023-10-09,350.0,357.0,344.0,353.2,1.23,5259.0,1845249.0,1
2023-10-10,346.3,356.8,346.3,348.1,-1.44,4876.0,1711226.0,1
2023-10-11,348.0,350.0,343.1,345.5,-0.75,305.0,105531.5,-1
2023-10-12,340.0,345.0,332.1,332.2,-3.85,1140.0,387634.0,-1
2023-10-16,325.6,332.1,319.5,325.0,-2.17,700.0,226034.0,-1
2023-10-17,325.0,331.1,325.0,329.0,1.23,385.0,126458.0,1
2023-10-18,323.0,354.0,322.6,340.1,3.37,740.0,251157.4,1
2023-10-19,340.0,341.0,330.0,334.0,-1.79,1529.0,513164.0,-1
2023-10-29,327.4,330.0,317.0,330.0,-1.2,836.0,267717.0,1
2023-10-30,325.0,332.0,318.6,326.0,-1.21,387.0,124859.7,1
2023-10-31,320.1,321.0,314.1,320.0,-1.84,991.0,314576.1,-1
2023-11-01,317.0,317.0,313.9,317.0,-0.94,510.0,160337.0,0
2023-11-02,312.0,312.5,312.0,312.0,-1.58,690.0,215300.0,0
2023-11-05,306.2,314.0,306.2,314.0,0.64,590.0,183982.0,1
2023-11-06,314.0,320.2,308.5,320.0,1.91,1486.0,464305.2,1
2023-11-07,314.0,318.0,313.6,314.0,-1.88,1460.0,459213.0,0
2023-11-06,314.0,320.2,308.5,320.0,1.91,1486.0,464305.2,1
2023-11-07,314.0,318.0,313.6,314.0,-1.88,1460.0,459213.0,0
2023-11-08,313.0,326.0,313.0,326.0,3.82,3814.0,1229656.0,1
2023-11-09,320.0,324.5,315.1,324.5,-0.46,1941.0,618503.5,1
2023-11-20,324.5,324.5,312.2,316.0,-2.62,1220.0,386384.0,-1
2023-11-21,309.7,316.0,307.0,314.5,-0.47,789.0,245874.0,1
2023-11-22,308.4,320.0,308.4,320.0,1.75,560.0,176050.0,1
2023-11-23,313.8,331.5,313.8,330.0,3.13,1334.0,436012.0,1
2023-11-26,324.0,346.0,324.0,346.0,4.85,3504.0,1175193.6,1
2023-11-27,340.0,345.8,334.0,336.1,-2.86,2022.0,688510.0,-1
2023-11-28,329.4,354.0,328.0,354.0,5.33,1254.0,426899.0,1
2023-11-30,361.0,361.0,353.8,353.8,-0.06,40.0,14296.0,-1
2023-12-03,346.8,346.8,323.5,340.0,-3.9,2576.0,851237.2,-1
2023-12-04,333.2,360.0,326.0,360.0,5.88,2878.0,962376.0,1
2023-12-05,352.8,352.8,327.2,345.0,-4.17,1573.0,525472.0,-1
2023-12-06,338.1,338.1,328.3,338.0,-2.03,992.0,329216.3,-1
2023-12-07,331.3,348.0,331.3,345.0,2.07,740.0,253226.0,1
2023-12-10,350.0,371.0,350.0,371.0,7.54,1325.0,475576.5,1
2023-12-11,377.9,377.9,347.0,358.0,-3.5,5004.0,1779691.3,-1
2023-12-12,352.0,367.0,350.0,358.0,0.0,5115.0,1823653.7,1
2023-12-13,365.1,372.4,344.1,360.0,0.56,6538.0,2318197.7,-1
2023-12-14,353.1,365.0,353.1,365.0,1.39,2467.0,886118.0,1
2023-12-17,358.0,392.0,346.2,392.0,7.4,21044.0,7914166.8,1
2023-12-18,393.0,398.7,378.5,387.5,-1.15,9808.0,3799127.6,-1
2023-12-19,380.0,382.0,368.0,380.0,-1.94,3750.0,1409768.1,0
2023-12-20,387.6,397.0,380.0,395.0,3.95,4752.0,1851765.0,1
2023-12-21,402.8,402.9,376.0,385.0,-2.53,7262.0,2794612.1,-1
2023-12-24,378.0,418.0,371.5,399.9,3.87,16237.0,6540277.7,1
2023-12-27,407.0,409.8,387.4,394.3,-1.4,9821.0,3930748.0,-1
2023-12-28,395.0,398.8,390.0,394.9,0.15,4190.0,1647379.1,-1
2024-01-01,402.7,402.7,378.0,384.0,-2.76,3061.0,1170915.2,-1
2024-01-02,377.0,382.0,368.5,382.0,-0.52,3135.0,1164667.0,1
2024-01-03,375.0,389.6,368.0,389.0,1.83,9829.0,3727023.4,1
2024-01-04,382.1,395.0,382.0,388.0,-0.26,6065.0,2354079.5,1
2024-01-07,395.7,426.8,395.0,426.8,10.0,44222.0,18416072.9,1
2024-01-08,435.3,469.4,435.3,469.4,9.98,24395.0,11243938.3,1
2024-01-09,478.7,516.3,478.7,516.3,9.99,24494.0,12613643.4,1
2024-01-10,506.0,566.0,500.0,508.8,-1.45,50567.0,25937103.0,1
2024-01-11,498.7,558.0,498.7,549.0,7.9,37458.0,20486142.5,1
2024-01-14,538.1,603.9,530.0,603.9,10.0,37753.0,20779450.7,1
2024-01-16,603.9,664.0,557.2,664.0,9.95,45714.0,27336099.9,1
2024-01-17,650.8,700.0,597.6,700.0,-5.87,50372.0,30782981.8,1
2024-01-18,686.0,723.0,630.0,634.0,-9.43,51949.0,33049746.2,-1
2024-01-21,621.4,625.0,590.0,605.0,-4.57,33328.0,20406753.9,-1
2024-01-22,592.9,629.0,592.9,607.0,0.33,24200.0,14788536.0,1
2024-01-23,596.0,667.0,583.1,667.0,9.88,19161.0,11490807.2,1
2024-01-24,653.7,705.0,600.3,600.3,-10.0,38555.0,23422532.8,-1
2024-01-25,610.0,610.0,550.8,576.0,-4.05,9029.0,5246305.4,-1
2024-01-28,587.5,587.5,555.7,565.0,-1.91,12272.0,6913584.7,-1
2024-01-29,553.7,593.0,553.7,579.0,2.48,30138.0,17475177.4,1
2024-01-30,590.5,590.5,560.0,578.9,-0.02,18520.0,10580976.0,-1
2024-01-31,588.0,588.0,555.0,565.0,-2.4,13371.0,7514969.2,-1
2024-02-01,556.0,558.0,535.0,535.0,-5.31,11972.0,6500301.0,-1
2024-02-04,524.3,574.0,524.3,552.0,3.18,19004.0,10499488.8,1
2024-02-05,561.0,562.0,535.2,540.0,-2.17,8310.0,4545094.0,-1
2024-02-06,529.2,555.0,529.2,553.0,2.41,3519.0,1925464.2,1
2024-02-07,564.0,575.0,554.0,569.9,3.06,10386.0,5883298.0,1
2024-02-08,570.0,592.0,565.0,588.0,3.18,13157.0,7603255.9,1
2024-02-11,590.0,595.0,576.0,576.0,-2.04,14768.0,8663983.1,-1
2024-02-12,587.5,587.5,567.5,585.0,1.56,6217.0,3591877.6,-1
2024-02-13,596.7,596.7,568.6,578.9,-1.04,8374.0,4884485.0,-1
2024-02-14,567.4,590.0,559.0,569.0,-1.71,5306.0,2998727.0,1
2024-02-15,569.0,575.0,560.1,570.0,0.18,4654.0,2630912.3,1
2024-02-18,572.0,580.0,551.0,564.9,-0.89,8896.0,4989125.5,-1
2024-02-20,555.1,568.8,545.9,553.0,-2.11,18608.0,10295574.1,-1
2024-02-21,544.0,559.0,544.0,555.5,0.45,6046.0,3316143.9,1
2024-02-22,556.0,561.0,538.0,538.5,-3.06,3337.0,1828779.1,-1
2024-02-25,539.0,555.0,533.5,537.0,-0.28,3590.0,1950238.3,-1
2024-02-26,527.0,558.6,527.0,538.0,0.19,4470.0,2392893.0,1
2024-02-27,527.6,548.6,527.6,537.2,-0.15,4151.0,2246893.0,1
2024-02-28,538.0,555.0,538.0,551.0,2.57,8556.0,4661468.3,1
2024-02-29,552.0,564.0,537.2,543.0,-1.45,7155.0,3935082.5,-1
2024-03-03,553.0,553.0,520.0,528.0,-2.76,3508.0,1858556.0,-1
2024-03-04,538.5,559.9,538.5,559.9,6.04,470.0,261452.0,1
2024-03-05,559.9,559.9,520.0,535.0,-4.45,12524.0,6644638.5,-1
2024-03-06,525.0,545.7,520.0,528.6,-1.2,7341.0,3918068.9,1
2024-03-07,529.0,555.0,527.0,554.0,4.81,2890.0,1552027.0,1
2024-03-10,544.0,557.9,534.1,540.0,-2.53,4040.0,2209938.0,-1
2024-03-12,530.0,552.7,528.0,541.0,0.19,8347.0,4478094.5,1
2024-03-13,551.0,551.0,525.0,525.0,-2.96,4008.0,2131983.4,-1
2024-03-14,520.0,540.0,520.0,525.0,0.0,4259.0,2253684.0,1
2024-03-17,525.0,532.0,518.0,519.0,-1.14,2265.0,1181956.0,-1
2024-03-18,515.0,530.0,515.0,528.0,1.73,2232.0,1168993.0,1
2024-03-19,532.0,534.0,520.1,528.0,0.0,2724.0,1424986.0,-1
2024-03-20,520.0,534.8,519.0,519.0,-1.7,4333.0,2255654.0,-1
2024-03-21,529.3,529.3,514.0,515.0,-0.77,3440.0,1778375.0,-1
2024-03-25,515.0,515.0,490.0,495.0,-3.88,4238.0,2111525.5,-1
2024-03-26,495.0,519.1,495.0,514.0,3.84,3785.0,1923129.0,1
2024-03-27,515.0,524.9,515.0,518.0,0.78,6896.0,3586316.4,1
2024-03-28,526.0,531.0,520.0,522.7,0.91,7280.0,3824223.0,-1
2024-03-31,526.0,528.0,515.0,520.0,-0.52,3352.0,1742690.0,-1
2024-04-01,518.0,520.0,502.0,502.0,-3.46,1279.0,654077.0,-1
2024-04-02,512.0,512.5,500.0,509.9,1.57,4025.0,2042016.6,-1
2024-04-03,520.0,525.0,509.0,517.0,1.39,1989.0,1025873.0,-1
2024-04-04,510.0,513.0,499.9,499.9,-3.31,4716.0,2380192.5,-1
2024-04-07,492.0,548.5,492.0,529.0,5.82,5500.0,2789993.3,1
2024-04-09,539.0,572.0,519.0,534.9,1.12,5315.0,2850903.5,-1
2024-04-10,537.0,537.0,506.0,525.0,-1.85,2292.0,1183689.5,-1
2024-04-14,535.0,539.9,500.9,502.0,-4.38,1910.0,972508.0,-1
2024-04-15,504.1,520.0,503.1,511.0,1.79,3377.0,1724635.0,1
2024-04-16,501.1,507.0,491.1,496.0,-2.94,3380.0,1695629.5,-1
2024-04-18,496.0,496.0,485.0,485.0,-2.22,2025.0,992132.0,-1
2024-04-21,490.0,490.0,475.3,485.0,0.0,1094.0,523160.9,-1
2024-04-22,477.0,501.0,477.0,485.0,0.0,2051.0,1014179.0,1
2024-04-24,475.4,503.8,475.4,488.0,0.62,2190.0,1057202.0,1
2024-04-25,488.0,497.0,472.0,474.1,-2.85,1849.0,885832.5,-1
2024-04-28,483.5,490.0,474.1,474.1,0.0,1445.0,690818.6,-1
2024-04-29,474.8,483.0,466.0,474.0,-0.02,1206.0,571844.0,-1
2024-04-30,469.0,502.0,466.1,489.0,3.16,5103.0,2439218.9,1
2024-05-02,480.1,485.0,472.0,485.0,-0.82,1913.0,916755.5,1
2024-05-05,485.5,485.5,468.1,475.0,-2.06,2303.0,1094900.8,-1
2024-05-06,483.0,484.0,455.0,460.0,-3.16,2434.0,1129110.3,-1
2024-05-07,460.0,478.0,459.2,468.3,1.8,939.0,442415.2,1
2024-05-08,477.5,477.5,455.0,473.8,1.17,1966.0,917854.4,-1
2024-05-09,465.0,474.0,456.0,466.0,-1.65,1324.0,610907.0,1
2024-05-12,460.0,497.0,460.0,460.1,-1.27,3423.0,1596021.2,1
2024-05-13,455.1,468.0,455.0,456.0,-0.89,1849.0,848082.4,1
2024-05-14,460.0,482.0,455.8,480.9,5.46,5656.0,2664850.1,1
2024-05-15,489.0,490.0,475.0,480.0,-0.19,6760.0,3247785.1,-1
2024-05-16,470.4,487.9,464.6,470.0,-2.08,3627.0,1697917.2,-1
2024-05-19,465.0,477.0,465.0,474.0,0.85,2120.0,998803.0,1
2024-05-20,465.1,494.7,465.1,480.0,1.27,3843.0,1856694.0,1
2024-05-21,476.0,520.0,476.0,513.2,6.92,18812.0,9563546.0,1
2024-05-22,513.2,534.0,500.0,500.0,-2.57,10289.0,5273479.1,-1
2024-05-26,496.0,515.0,490.2,501.0,0.2,5012.0,2515377.8,1
2024-05-27,491.2,510.0,491.2,510.0,1.8,2928.0,1467543.2,1
2024-05-29,520.2,520.2,496.0,503.0,-1.37,3974.0,2023518.5,-1
2024-05-30,493.1,513.0,493.1,493.5,-1.89,2760.0,1392173.6,1
2024-06-02,492.0,512.0,492.0,511.0,3.55,8489.0,4292835.0,1
2024-06-03,513.0,513.0,497.8,503.0,-1.57,3784.0,1897322.0,-1
2024-06-04,501.0,512.0,495.5,495.5,-1.49,3802.0,1918042.2,-1
2024-06-05,487.2,499.9,487.2,493.0,-0.5,2311.0,1137786.8,1
2024-06-06,502.8,511.0,486.2,488.1,-0.99,2776.0,1373063.3,-1
2024-06-09,488.0,514.0,483.2,511.8,4.86,9212.0,4667691.3,1
2024-06-10,522.0,556.0,512.9,547.0,6.88,17829.0,9686625.8,1
2024-06-11,545.0,545.0,537.1,544.0,-0.55,5768.0,3127705.3,-1
2024-06-12,544.0,551.0,515.5,520.2,-4.37,11117.0,5889467.5,-1
2024-06-13,530.6,530.6,513.1,525.0,0.92,4254.0,2208226.1,-1
2024-06-16,535.5,535.5,513.2,524.8,-0.04,5092.0,2657218.1,-1
2024-06-18,515.0,533.0,494.7,520.0,-0.91,6832.0,3501050.8,1
2024-06-19,520.0,528.9,511.1,522.2,0.42,5382.0,2793794.1,1
2024-06-20,521.0,525.1,511.9,516.0,-1.19,5513.0,2844561.5,-1
2024-06-23,520.0,535.0,515.1,534.9,3.66,10031.0,5285383.6,1
2024-06-24,535.0,550.0,530.1,540.5,1.05,14791.0,8012747.4,1
2024-06-25,535.0,558.9,535.0,557.0,3.05,20589.0,11382124.6,1
2024-06-26,567.9,568.1,541.4,541.4,-2.8,13864.0,7659130.7,-1
2024-06-27,542.0,545.0,534.1,538.0,-0.63,3586.0,1928800.6,-1
2024-06-30,527.4,537.0,520.0,530.9,-1.32,3583.0,1887251.5,1
2024-07-01,530.0,539.9,520.0,520.0,-2.05,3625.0,1904917.0,-1
2024-07-02,530.4,550.0,518.0,520.0,0.0,6252.0,3269981.0,-1
2024-07-03,525.0,530.4,517.0,522.0,0.38,4612.0,2401215.5,-1
2024-07-04,521.0,529.9,518.0,529.9,1.51,6528.0,3417330.1,1
2024-07-07,528.0,530.0,523.1,524.0,-1.11,3880.0,2043544.0,-1
2024-07-08,515.0,560.0,514.0,545.0,4.01,28940.0,15517112.6,1
2024-07-09,540.0,571.2,540.0,545.0,0.0,14105.0,7842123.7,1
2024-07-10,555.9,560.0,530.2,539.0,-1.1,3065.0,1651988.0,-1
2024-07-11,540.6,557.0,531.4,532.9,-1.13,17118.0,9281922.8,-1
2024-07-14,543.5,553.0,526.0,530.3,-0.49,11128.0,5921715.2,-1
2024-07-15,540.9,540.9,525.0,536.7,1.21,15580.0,8314697.3,-1
2024-07-16,544.4,554.0,520.0,551.5,2.76,21443.0,11701185.5,1
2024-07-17,562.0,564.0,548.2,558.5,1.27,20989.0,11669404.7,-1
2024-07-18,558.0,566.0,543.0,553.5,-0.9,19124.0,10553347.9,-1
2024-07-21,555.0,560.0,540.0,555.0,0.27,19298.0,10674673.5,0
2024-07-22,556.1,560.0,539.1,544.2,-1.95,8326.0,4566345.2,-1
2024-07-23,540.0,577.0,540.0,568.0,4.37,23045.0,12995092.0,1
2024-07-24,577.0,615.0,577.0,600.0,5.63,33635.0,20194369.2,1
2024-07-25,612.0,612.0,580.0,581.5,-3.08,18925.0,11127787.6,-1
2024-07-28,582.0,582.0,554.0,575.0,-1.12,15174.0,8696055.3,-1
2024-07-29,575.0,588.0,565.0,577.9,0.5,17624.0,10141352.5,1
2024-07-30,584.9,595.0,570.0,580.2,0.4,15256.0,8915593.0,-1
2024-07-31,591.8,592.0,573.3,575.1,-0.88,22400.0,13070890.3,-1
2024-08-01,570.2,586.0,560.8,565.0,-1.76,17434.0,9982845.9,-1
2024-08-05,565.0,585.0,557.0,574.5,1.68,10564.0,6002584.1,1
2024-08-06,575.0,576.0,518.7,543.8,-5.34,14956.0,8335534.0,-1
2024-08-07,537.0,576.0,528.3,556.0,2.24,10075.0,5538506.7,1
2024-08-08,556.5,578.0,543.0,546.0,-1.8,11576.0,6361587.3,-1
2024-08-11,535.1,567.5,535.1,565.0,3.48,21437.0,11758334.5,1
2024-08-12,553.7,588.0,508.5,561.0,-0.71,314776.0,169932035.0,1
2024-08-13,565.0,570.0,539.2,543.0,-3.21,91708.0,50142318.8,-1
2024-08-14,543.0,543.0,529.0,536.0,-1.29,53715.0,28603452.4,-1
2024-08-15,535.0,538.0,516.7,528.0,-1.49,127257.0,67047093.0,-1
2024-08-18,525.0,530.0,499.8,502.0,-4.92,102658.0,52496027.0,-1
2024-08-21,512.0,512.0,486.0,488.5,-2.69,74154.0,36657242.7,-1
2024-08-22,490.0,504.0,489.0,499.0,2.15,59150.0,29368056.9,1
2024-08-25,508.0,508.9,480.2,482.0,-3.41,40464.0,19901667.4,-1
2024-08-27,482.0,488.0,465.5,467.1,-3.09,38892.0,18449771.5,-1
2024-08-28,476.4,480.0,465.0,467.1,0.0,63619.0,29933723.2,-1
2024-08-29,467.0,470.0,451.0,463.0,-0.88,18954.0,8748322.0,-1
2024-09-01,463.0,471.0,456.0,460.3,-0.58,41935.0,19406716.9,-1
2024-09-02,461.0,503.0,454.0,485.0,5.37,54676.0,25718983.9,1
2024-09-03,494.0,494.7,475.0,482.2,-0.58,29171.0,14124712.3,-1
2024-09-04,484.0,488.0,460.0,464.0,-3.77,26699.0,12420011.3,-1
2024-09-05,455.1,462.0,452.0,456.0,-1.72,17523.0,7991997.0,1
2024-09-08,465.0,467.9,449.0,449.0,-1.54,25288.0,11585563.4,-1
2024-09-09,450.0,452.0,435.0,437.0,-2.67,15396.0,6798630.9,-1
2024-09-10,442.0,448.0,426.0,430.0,-1.6,20026.0,8735696.7,-1
2024-09-11,424.1,429.9,415.0,416.9,-3.05,28649.0,12051122.9,-1
2024-09-12,417.0,442.0,410.0,429.1,2.93,30694.0,13128101.4,1
2024-09-15,435.0,472.0,435.0,467.0,8.83,96390.0,44729901.6,1
2024-09-16,476.3,476.3,440.1,440.1,-5.76,20907.0,9506422.1,-1
2024-09-18,440.0,450.0,435.0,440.0,-0.02,16017.0,7123825.9,0
2024-09-22,448.5,457.7,438.1,445.1,1.16,16678.0,7429962.0,-1
2024-09-23,445.1,450.0,418.0,420.0,-5.64,19818.0,8523925.9,-1
2024-09-24,412.5,436.0,412.0,413.0,-1.67,12260.0,5117512.2,1
2024-09-25,413.0,433.5,413.0,430.6,4.26,28062.0,11992064.1,1
2024-09-26,432.0,439.1,429.0,434.9,1.0,37813.0,16386449.3,1
2024-09-29,427.5,428.0,418.0,428.0,-1.59,22481.0,9471502.8,1
2024-09-30,428.0,449.0,421.0,433.0,1.17,9321.0,4026729.2,1
2024-10-01,428.0,450.0,428.0,445.0,2.77,19625.0,8738208.9,1
2024-10-02,445.0,449.7,439.0,448.0,0.67,15237.0,6761991.2,1
2024-10-06,440.0,457.0,440.0,455.0,1.56,12373.0,5595293.2,1
2024-10-07,464.1,473.2,458.0,462.0,1.54,19784.0,9149642.7,-1
2024-10-08,458.5,464.0,446.8,459.0,-0.65,13216.0,6015198.3,1
2024-10-09,459.0,468.0,455.0,468.0,1.96,15115.0,7005124.5,1
2024-10-15,466.0,471.0,462.1,469.9,0.41,7507.0,3513939.9,1
2024-10-16,470.0,490.0,466.1,489.9,4.26,38044.0,18462390.1,1
2024-10-17,493.5,494.0,476.0,484.0,-1.2,19702.0,9548629.2,-1
2024-10-20,474.4,475.0,458.2,460.0,-4.96,24533.0,11479440.0,-1
2024-10-21,468.0,468.0,446.0,457.0,-0.65,23755.0,10759603.9,-1
2024-10-22,450.0,465.6,450.0,459.0,0.44,3350.0,1527494.9,1
2024-10-23,460.5,480.0,460.5,468.0,1.96,14570.0,6855163.9,1
2024-10-24,466.0,480.0,458.0,476.0,1.71,23129.0,10898401.7,1
2024-10-27,471.0,474.4,462.0,472.0,-0.84,7209.0,3362402.4,1
2024-10-28,470.0,478.0,468.2,468.6,-0.72,5710.0,2697228.8,-1
2024-10-29,470.0,476.0,466.1,470.0,0.3,12535.0,5920832.5,0
2024-10-30,463.0,479.0,463.0,474.0,0.85,9047.0,4252677.8,1
2024-11-05,475.0,480.0,470.2,479.9,1.24,11722.0,5570343.0,1
2024-11-06,480.0,502.0,472.0,499.0,3.98,43961.0,21486123.5,1
2024-11-10,508.9,530.0,508.9,525.5,5.31,67641.0,35337546.8,1
2024-11-11,536.0,549.9,524.3,528.0,0.48,92843.0,50008422.8,-1
2024-11-12,528.0,551.0,528.0,542.2,2.69,66758.0,36380940.5,1
2024-11-13,542.0,556.0,536.0,550.5,1.53,70569.0,38844220.0,1
2024-11-14,550.0,585.0,550.0,562.0,2.09,68025.0,38603683.5,1
2024-11-17,569.5,581.0,545.0,554.5,-1.33,73746.0,41458210.3,-1
2024-11-19,554.5,564.5,542.0,542.0,-2.25,89171.0,49205829.1,-1
2024-11-20,534.1,548.9,534.1,539.0,-0.55,24391.0,13229277.4,1
2024-11-21,545.0,560.6,539.1,541.0,0.37,42682.0,23326616.6,-1
2024-11-24,550.0,550.0,524.0,526.0,-2.77,38950.0,20796855.6,-1
2024-11-25,536.5,539.5,521.9,525.0,-0.19,23015.0,12230581.9,-1
2024-11-26,535.0,570.0,535.0,558.1,6.3,63941.0,35202332.6,1
2024-11-27,560.0,565.8,555.6,560.0,0.34,49073.0,27469595.0,0
2024-11-28,571.2,571.2,547.2,549.0,-1.96,35994.0,19921154.1,-1
2024-12-01,539.0,551.8,535.0,548.0,-0.18,25426.0,13841568.0,1
2024-12-02,549.0,557.0,540.5,551.0,0.55,30925.0,17093667.4,1
2024-12-03,559.2,569.9,553.1,567.0,2.9,88898.0,50081792.0,1
2024-12-04,569.0,583.5,568.0,570.0,0.53,85417.0,49225871.5,1
2024-12-05,580.0,580.0,559.7,563.5,-1.14,57740.0,32762722.6,-1
2024-12-08,568.0,595.0,550.0,558.0,-0.98,49122.0,27748747.2,-1
2024-12-09,568.0,579.0,547.2,560.0,0.36,30449.0,16936777.5,-1
2024-12-10,563.0,568.0,552.0,552.5,-1.34,23579.0,13117875.5,-1
2024-12-11,550.0,561.0,549.0,559.0,1.18,25326.0,14017654.1,1
2024-12-12,550.0,572.0,550.0,563.2,0.75,49286.0,27721991.0,1
2024-12-16,555.1,563.2,535.1,541.0,-3.94,56045.0,30643007.6,-1
2024-12-17,540.0,552.8,537.0,544.0,0.55,26253.0,14392610.0,1
2024-12-18,536.2,553.9,536.2,541.0,-0.55,17546.0,9557259.0,1
2024-12-19,536.0,555.3,534.0,534.1,-1.28,27451.0,14850105.2,-1
2024-12-22,534.0,538.9,524.0,530.2,-0.73,10596.0,5629660.2,-1
2024-12-23,538.0,556.0,527.3,551.0,3.92,29843.0,16285301.7,1
2024-12-24,550.0,560.0,540.0,540.0,-2.0,26516.0,14521154.1,-1
2024-12-26,539.0,548.0,535.0,540.0,0.0,15744.0,8477826.1,1
2024-12-29,544.0,549.0,528.0,532.0,-1.48,22611.0,12094706.3,-1
2024-12-31,525.0,525.1,508.0,516.0,-3.01,18960.0,9824640.1,-1
2025-01-01,526.0,526.0,512.6,515.0,-0.19,9320.0,4804479.2,-1
2025-01-02,512.6,525.0,512.6,525.0,1.94,18074.0,9362554.7,1
2025-01-05,525.1,540.0,516.0,540.0,2.86,31499.0,16693311.7,1
2025-01-06,535.1,559.0,535.1,554.0,2.59,60396.0,33142624.3,1
2025-01-07,543.0,564.0,541.5,544.0,-1.81,29357.0,16140240.1,1
2025-01-08,536.0,558.0,536.0,555.5,2.11,41213.0,22757625.2,1
2025-01-09,544.4,560.0,544.4,546.0,-1.71,47247.0,26130090.6,1
2025-01-12,556.6,560.0,545.5,555.0,1.65,21011.0,11596224.9,-1
2025-01-13,548.0,554.0,534.0,534.0,-3.78,26918.0,14569253.5,-1
2025-01-15,525.0,555.3,525.0,550.0,3.0,17436.0,9545938.4,1
2025-01-16,542.1,556.0,542.1,555.0,0.91,48901.0,27009486.1,1
2025-01-19,551.0,582.0,550.0,576.0,3.78,149492.0,85208412.6,1
2025-01-20,571.0,601.0,571.0,587.4,1.98,106702.0,63099292.0,1
2025-01-21,582.0,591.9,574.0,575.8,-1.97,28240.0,16325919.7,-1
2025-01-22,564.3,586.0,564.3,572.5,-0.57,80668.0,46408560.7,1
2025-01-23,570.0,581.4,560.4,569.0,-0.61,61212.0,34705125.4,-1
2025-01-26,563.1,581.1,562.0,574.0,0.88,58551.0,33554132.9,1
2025-01-27,574.9,583.0,570.2,573.8,-0.03,47209.0,27278742.8,-1
2025-01-28,581.0,605.0,577.0,590.0,2.82,174146.0,103098205.3,1
2025-02-02,599.0,622.0,599.0,606.1,2.73,127403.0,78188284.2,1
2025-02-03,610.0,619.0,600.0,604.0,-0.35,107094.0,65227180.0,-1
2025-02-04,615.0,645.0,607.0,635.0,5.13,186719.0,117176815.0,1
2025-02-05,645.0,659.4,634.0,658.5,3.7,123610.0,80320258.8,1
2025-02-06,665.0,671.6,632.3,634.0,-3.72,144612.0,93540723.1,-1
2025-02-09,640.0,650.0,608.1,616.0,-2.84,148691.0,93118212.3,-1
2025-02-10,626.0,626.0,602.8,608.0,-1.3,74771.0,45669643.8,-1
2025-02-11,616.0,640.0,611.4,628.0,3.29,104247.0,65832056.7,1
2025-02-12,635.0,641.9,626.0,630.0,0.32,78619.0,49784826.0,-1
2025-02-13,630.0,636.5,612.5,621.0,-1.43,56024.0,34858975.5,-1
2025-02-16,621.0,623.0,612.4,618.0,-0.48,57575.0,35506427.5,-1
2025-02-17,620.0,627.0,614.0,618.0,0.0,50810.0,31489555.6,-1
2025-02-18,620.0,625.0,605.7,607.0,-1.78,59119.0,36180499.4,-1
2025-02-20,597.7,611.9,597.7,601.0,-0.99,49671.0,29917309.5,1
2025-02-23,590.0,601.0,587.0,592.0,-1.5,59802.0,35479837.5,1
2025-02-24,593.0,601.0,588.0,592.9,0.15,43948.0,26160814.5,-1
2025-02-25,590.5,600.0,579.0,585.1,-1.32,48054.0,28178818.6,-1
2025-02-27,595.0,595.0,580.0,588.0,0.5,34576.0,20264209.6,-1
2025-03-02,599.7,624.0,588.0,623.0,5.95,70592.0,43000803.2,1
2025-03-03,625.0,628.9,609.0,609.0,-2.25,44775.0,27603339.1,-1
2025-03-04,620.0,620.0,590.0,590.0,-3.12,38611.0,23216706.3,-1
2025-03-05,590.0,596.0,585.0,596.0,1.02,26642.0,15681015.0,1
2025-03-06,603.0,603.0,585.2,593.0,-0.5,27234.0,16132058.2,-1
2025-03-09,586.3,595.0,584.0,585.0,-1.35,20968.0,12309337.8,-1
2025-03-10,596.0,596.0,575.0,589.9,0.84,24662.0,14430308.0,-1
2025-03-11,594.9,594.9,565.1,575.0,-2.53,31918.0,18283693.0,-1
2025-03-12,570.0,581.0,570.0,579.0,0.7,12634.0,7290884.1,1
2025-03-16,571.0,574.0,563.0,565.0,-2.42,15219.0,8646501.8,-1
2025-03-17,565.0,574.0,550.4,552.0,-2.3,21179.0,11793349.7,-1
2025-03-18,557.9,560.0,545.0,547.9,-0.74,7158.0,3926961.5,-1
2025-03-19,549.0,549.0,538.0,538.0,-1.81,19632.0,10659324.0,-1
2025-03-20,534.6,538.0,530.0,533.49,-0.84,22058.0,11750754.3,-1
2025-03-23,539.0,539.0,516.0,516.37,-3.21,19505.0,10248237.0,-1
2025-03-24,516.9,530.0,511.1,523.89,1.46,12341.0,6457540.7,1
2025-03-25,514.0,519.0,495.0,498.8,-4.79,27067.0,13681003.6,-1
2025-03-26,505.0,510.0,492.2,499.1,0.06,34617.0,17374565.9,-1
2025-03-27,502.0,516.9,502.0,514.66,3.12,10021.0,5141494.1,1
2025-03-30,523.0,555.0,513.0,544.87,5.87,35491.0,19140483.9,1
2025-04-01,538.1,545.0,529.1,535.49,-1.72,21411.0,11482493.4,-1
2025-04-02,532.1,549.0,532.1,546.72,2.1,14193.0,7736764.3,1
2025-04-03,536.1,545.0,530.2,534.57,-2.22,13087.0,7048222.0,-1
2025-04-07,534.1,550.0,525.6,527.29,-1.36,13650.0,7293455.6,-1
2025-04-08,518.1,523.9,509.0,519.51,-1.48,15917.0,8225218.7,1
2025-04-09,519.0,523.0,516.0,517.48,-0.39,10428.0,5408702.5,-1
2025-04-10,515.0,524.0,514.1,515.26,-0.43,15419.0,7990255.9,1
2025-04-13,525.5,527.9,515.0,520.21,0.96,19013.0,9836356.2,-1
2025-04-15,529.9,532.0,519.4,526.24,1.16,12436.0,6565937.9,-1
2025-04-16,527.0,540.0,526.1,534.05,1.48,11490.0,6126289.1,1
2025-04-17,530.0,551.8,530.0,538.75,0.88,28252.0,15376125.8,1
2025-04-20,531.0,549.2,531.0,535.23,-0.65,9504.0,5130143.5,1
2025-04-21,527.1,583.0,527.1,571.58,6.79,60495.0,34011047.9,1
2025-04-22,572.0,609.0,571.5,591.12,3.42,89762.0,52349719.9,1
2025-04-23,591.1,592.0,580.1,588.6,-0.43,52815.0,30849525.2,-1
2025-04-24,598.0,598.0,575.1,588.54,-0.01,45803.0,27015625.6,-1
2025-04-27,577.0,599.0,577.0,579.64,-1.51,34785.0,20254872.3,1
2025-04-28,580.0,580.0,549.0,559.22,-3.52,27441.0,15533239.8,-1
2025-04-29,566.5,600.0,556.0,568.14,1.6,43553.0,24873672.1,1
2025-04-30,579.4,579.5,555.0,557.33,-1.9,21223.0,11927146.6,-1
2025-05-04,568.4,590.5,558.0,560.91,0.64,61299.0,34757166.5,-1
2025-05-05,565.0,567.0,550.0,554.6,-1.12,20354.0,11290263.7,-1
2025-05-06,565.0,576.0,560.0,570.94,2.95,55890.0,31726107.7,1
2025-05-07,582.3,595.0,573.0,592.68,3.81,118601.0,69684730.9,1
2025-05-08,600.0,604.0,575.0,594.61,0.33,130861.0,77714944.2,-1
2025-05-11,604.0,616.0,597.0,601.17,1.1,76216.0,46154922.0,-1
2025-05-13,602.0,610.0,584.0,588.51,-2.11,46105.0,27297737.6,-1
2025-05-14,590.0,590.0,571.0,578.11,-1.77,30585.0,17675746.4,-1
2025-05-15,575.0,590.0,570.1,580.92,0.49,69643.0,40761198.0,1
2025-05-18,592.0,600.0,588.1,594.11,2.27,208399.0,123792668.6,1
2025-05-19,354.0,381.7,354.0,381.7,9.98,67901.0,25917130.7,1
2025-05-20,389.3,412.0,363.1,375.94,-1.51,95922.0,36040668.7,-1
2025-05-21,383.4,398.8,359.0,360.14,-4.2,66544.0,24446569.4,-1
2025-05-22,364.0,370.0,355.0,355.99,-1.15,31329.0,11231839.9,-1
2025-05-25,363.1,365.0,350.6,354.72,-0.36,10145.0,3597844.3,-1
2025-05-26,361.0,361.0,345.1,347.82,-1.95,31528.0,11039681.7,-1
2025-05-27,343.0,349.0,343.0,344.76,-0.88,13665.0,4715224.7,1
2025-05-28,340.1,347.0,340.1,345.21,0.13,14656.0,5039327.9,1
2025-06-02,352.1,363.9,338.4,344.98,-0.07,21181.0,7387741.9,-1
2025-06-03,339.0,357.0,339.0,345.1,0.03,11855.0,4106748.6,1
2025-06-04,340.1,345.0,338.6,340.8,-1.25,17170.0,5855489.7,1
2025-06-05,347.5,347.5,334.0,336.55,-1.25,11137.0,3754748.1,-1
2025-06-08,336.0,343.7,336.0,342.59,1.79,13100.0,4471077.7,1
2025-06-09,349.0,354.0,345.2,351.38,2.57,15696.0,5501063.2,1
2025-06-10,357.9,361.5,355.0,355.47,1.16,15478.0,5532803.5,-1
2025-06-11,360.0,360.0,349.0,350.39,-1.43,15793.0,5544313.7,-1
2025-06-12,357.0,385.3,357.0,371.39,5.99,111205.0,41621050.1,1
2025-06-15,376.0,384.9,373.0,379.33,2.14,50791.0,19185280.1,1
2025-06-16,380.0,389.6,373.1,375.11,-1.11,67915.0,25978137.8,-1
2025-06-17,382.6,382.6,360.0,368.62,-1.73,11924.0,4395506.6,-1
2025-06-18,361.5,376.0,361.5,370.15,0.42,16412.0,6052047.1,1
2025-06-19,372.0,377.0,365.0,373.25,0.84,37454.0,13944211.9,1
2025-06-22,368.0,378.0,362.2,362.91,-2.77,23892.0,8768549.5,-1
2025-06-23,360.0,367.1,358.0,359.62,-0.91,11739.0,4241508.2,-1
2025-06-24,361.0,375.3,361.0,368.43,2.45,23159.0,8519663.4,1
2025-06-25,374.9,405.2,370.0,404.44,9.77,178171.0,69843124.2,1
2025-06-26,405.0,428.0,398.6,402.02,-0.6,74442.0,30469790.1,-1
2025-06-29,402.0,425.0,395.0,421.25,4.78,135575.0,56446537.2,1
2025-06-30,421.0,424.1,403.0,413.92,-1.74,75711.0,31223930.1,-1
2025-07-01,419.0,440.0,417.0,435.38,5.18,135972.0,58374995.6,1
2025-07-02,426.7,445.9,419.0,427.67,-1.77,97836.0,42479394.3,1
2025-07-03,436.2,436.2,404.0,414.19,-3.15,65903.0,27606639.3,-1
2025-07-06,406.2,412.0,395.1,399.05,-3.66,40551.0,16245302.3,-1
2025-07-07,407.0,410.0,391.2,395.96,-0.77,25056.0,9981376.1,-1
2025-07-08,400.0,405.0,393.0,394.51,-0.37,37119.0,14740107.5,-1
2025-07-09,402.0,415.0,394.0,401.41,1.75,69213.0,28102200.9,-1
2025-07-10,409.0,409.0,395.0,396.4,-1.25,31712.0,12697554.7,-1
2025-07-13,404.3,409.0,385.0,385.77,-2.68,44905.0,17613044.5,-1
2025-07-14,393.4,393.4,384.0,389.9,1.07,17631.0,6828807.9,-1
2025-07-15,397.6,399.0,383.0,385.92,-1.02,56032.0,21897813.5,-1
2025-07-16,393.0,394.9,381.1,385.89,-0.01,90163.0,35039448.8,-1
2025-07-17,393.6,409.0,391.5,401.66,4.09,56921.0,22907263.3,1
2025-07-20,402.0,405.0,388.0,391.07,-2.64,64828.0,25904524.6,-1
2025-07-21,398.0,398.0,385.0,390.75,-0.08,33523.0,13041843.1,-1
2025-07-22,390.0,398.5,389.0,397.51,1.73,55263.0,21672887.9,1
2025-07-23,400.0,402.9,386.0,396.5,-0.25,39291.0,15530773.3,-1
2025-07-24,404.0,419.9,390.0,417.0,5.17,106244.0,43582956.4,1
2025-07-27,420.0,431.5,403.0,405.97,-2.65,83580.0,34898569.2,-1
2025-07-28,399.0,408.0,395.0,404.63,-0.33,33305.0,13363232.9,1
2025-07-29,412.7,430.0,406.0,414.28,2.38,166492.0,69628112.0,1
2025-07-30,421.0,422.0,403.0,405.21,-2.19,34654.0,14198874.3,-1
2025-07-31,412.9,412.9,396.0,398.37,-1.69,38598.0,15426279.6,-1
2025-08-03,395.0,400.0,390.0,391.55,-1.71,24448.0,9602355.8,-1
2025-08-04,399.3,399.3,386.5,392.7,0.29,16198.0,6317295.4,-1
2025-08-05,392.0,397.5,381.1,382.52,-2.59,22312.0,8607900.1,-1
2025-08-06,376.4,385.0,375.9,377.16,-1.4,22511.0,8539491.0,1
2025-08-07,380.0,383.5,371.0,380.65,0.93,16056.0,6067173.4,1
2025-08-11,383.0,383.0,374.1,374.64,-1.58,18846.0,7089539.9,-1
2025-08-12,382.0,382.0,365.6,366.68,-2.12,11766.0,4356890.7,-1
2025-08-13,368.1,375.0,368.0,369.18,0.68,7274.0,2697710.7,1
2025-08-14,374.9,375.0,365.0,366.81,-0.64,11018.0,4058754.7,-1
2025-08-17,374.0,374.0,362.3,363.13,-1.0,7857.0,2865237.2,-1
2025-08-18,370.3,370.3,359.0,367.19,1.12,9054.0,3288098.8,-1
2025-08-19,367.0,372.0,367.0,367.77,0.16,5068.0,1872018.3,1
2025-08-20,366.3,371.9,363.2,367.03,-0.2,12087.0,4417567.0,1
2025-08-21,372.0,372.0,364.6,366.96,-0.02,4723.0,1731103.8,-1
2025-08-24,373.0,373.0,362.5,363.68,-0.89,6583.0,2404405.6,-1
2025-08-25,365.0,370.0,356.0,360.37,-0.91,10869.0,3910185.2,-1
2025-08-26,356.5,363.0,356.5,357.29,-0.85,1540.0,551537.6,1
2025-08-27,364.0,364.0,356.8,359.98,0.75,24936.0,8973129.3,-1
2025-08-28,365.0,367.1,353.0,354.55,-1.51,16601.0,5947446.4,-1
2025-08-31,360.9,360.9,345.0,345.13,-2.66,12191.0,4243826.6,-1
2025-09-01,352.0,352.0,341.3,347.31,0.63,5684.0,1954024.8,-1
2025-09-02,349.9,349.9,339.1,339.93,-2.12,5449.0,1868776.4,-1
2025-09-03,340.0,342.0,324.8,333.6,-1.86,9499.0,3186957.6,-1
2025-09-04,339.0,340.0,320.0,329.53,-1.22,11901.0,3897499.0,-1
2025-09-07,330.0,338.0,325.0,331.6,0.63,8769.0,2889484.5,1
2025-09-08,326.1,335.0,326.1,327.66,-1.19,6010.0,1982865.2,1
2025-09-18,321.2,321.2,310.0,311.0,-5.08,280.0,87612.0,-1
2025-09-21,305.0,341.0,305.0,333.34,7.18,12088.0,3905783.9,1
2025-09-23,339.9,350.9,333.0,349.9,4.97,8796.0,3051991.2,1
2025-09-24,343.2,346.0,337.0,342.0,-2.26,4575.0,1568960.1,-1
2025-09-25,335.2,344.7,329.0,337.0,-1.46,4578.0,1553934.0,1
2025-09-28,330.3,343.7,317.3,335.9,-0.33,94231.0,30790249.5,1
2025-10-07,330.0,333.0,324.0,326.0,-2.95,22088.0,7202974.2,-1
2025-10-08,326.0,326.0,310.6,316.9,-2.79,57959.0,18307020.9,-1
2025-10-09,323.2,335.0,316.6,317.0,0.03,34494.0,11109955.5,-1
2025-10-12,323.3,323.3,294.0,298.5,-5.84,68050.0,20405875.8,-1
2025-10-13,300.0,304.3,290.0,301.0,0.84,30861.0,9197550.0,1
2025-10-14,304.9,305.0,290.0,294.8,-2.06,18427.0,5464298.7,-1
2025-10-15,291.0,293.0,284.0,290.0,-1.63,30287.0,8713453.5,-1
2025-10-16,285.0,290.8,270.2,280.9,-3.14,28981.0,8070109.3,-1
2025-10-19,280.0,284.8,280.0,281.0,0.04,5543.0,1555084.3,1
2025-10-26,275.4,278.0,270.1,275.4,-1.99,12795.0,3500184.0,0
2025-10-28,280.0,290.5,279.0,289.6,5.16,22577.0,6432922.5,1
2025-10-29,286.1,304.8,286.1,291.2,0.55,35425.0,10517592.7,1
2025-10-30,291.2,306.0,285.4,304.0,4.4,38000.0,11371401.3,1
2025-11-02,310.0,334.4,310.0,334.4,10.0,135003.0,44235951.3,1
2025-11-03,341.0,346.6,331.0,334.0,-0.12,120910.0,41029994.3,-1
2025-11-04,339.0,339.0,326.0,327.2,-2.04,57512.0,18985987.7,-1
2025-11-05,327.9,330.9,318.4,325.0,-0.67,88640.0,28871459.0,-1
2025-11-06,330.9,330.9,318.2,321.9,-0.95,35484.0,11394425.8,-1
2025-11-09,321.0,324.4,310.3,314.5,-2.3,38970.0,12311548.0,-1
2025-11-10,308.3,321.8,308.3,318.0,1.11,20331.0,6438016.1,1
2025-11-11,317.1,330.0,317.1,326.9,2.8,33680.0,10861632.1,1
2025-11-12,330.0,335.6,325.0,326.9,0.0,76051.0,25000648.7,-1
2025-11-13,326.0,327.9,322.1,323.0,-1.19,29937.0,9710965.5,-1
2025-11-16,321.1,326.5,317.5,319.0,-1.24,21612.0,6918730.8,-1
2025-11-17,319.0,325.0,319.0,324.9,1.85,29459.0,9479024.7,1
2025-11-18,327.4,332.9,325.1,328.1,0.98,68204.0,22475305.5,1
2025-11-19,329.1,332.0,322.2,324.0,-1.25,23641.0,7697720.5,-1
2025-11-20,317.6,338.0,317.6,334.9,3.36,98957.0,32831762.6,1
2025-11-23,331.0,347.7,331.0,346.3,3.4,154123.0,52842098.9,1
2025-11-24,347.0,353.0,340.0,342.0,-1.24,69942.0,24081693.8,-1
2025-11-25,342.0,348.8,336.0,345.0,0.88,71493.0,24513680.1,1
2025-11-26,338.2,359.8,338.2,356.0,3.19,151585.0,53530635.1,1
2025-11-27,356.3,362.0,350.1,355.0,-0.28,121894.0,43514896.5,-1
2025-11-30,350.1,359.9,343.0,346.0,-2.54,144878.0,50845824.3,-1
2025-12-01,352.8,352.8,340.1,344.9,-0.32,49415.0,17020106.2,-1
2025-12-02,351.7,351.7,339.8,342.0,-0.84,44917.0,15427477.9,-1
2025-12-03,340.0,348.8,340.0,340.0,-0.58,52089.0,17897116.4,0
2025-12-07,337.0,342.8,335.0,337.5,-0.74,34685.0,11673124.2,1
2025-12-08,337.1,353.7,337.1,349.0,3.41,122637.0,42293628.2,1
2025-12-09,353.0,353.0,344.0,348.1,-0.26,67420.0,23600587.7,-1
